APA102.class.nut,2.0.0
APDS9007.class.nut,3.0.0
Button.class.nut,1.2.0
CFAx33KL.class.nut,1.1.0
FramStore.class.nut,1.0.0
GPS.device.lib.nut,dep,GPSParser.device.lib.nut and GPSUARTDriver.device.lib
GPSParser.device.lib.nut,1.0.0
GPSUARTDriver.device.lib.nut,1.0.0
HT16K33Matrix.class.nut,1.2.0
HT16K33Segment.class.nut,1.2.0
HT16K33SegmentBig.class.nut,1.1.0
HTS221.class.nut,dep,HTS221.device.lib.nut
HTS221.device.lib.nut,2.0.1
LatchingRelay.class.nut,1.0.0
LIS3DH.class.nut,dep,LIS3DH.device.lib.nut
LIS3DH.device.lib.nut,2.0.0
LIS3MDL.class.nut,2.0.0
LPS22HB.class.nut,dep,LPS22HB.device.lib.nut
LPS22HB.device.lib.nut,2.0.0
LPS25H.class.nut,2.0.1
LSM9DS0.class.nut,1.1.0
MB85RC.class.nut,1.0.0
MCP3208.device.lib.nut,1.0.0
Modbus485Master.class.nut,1.0.1
Modbus485Slave.class.nut,1.0.1
ModbusMaster.class.nut,1.0.1
ModbusSlave.class.nut,1.0.1
ModbusRTU.class.nut,1.0.1
ModbusTCPMaster.class.nut,1.0.1
Onewire.class.nut,1.0.1
PL7223.class.nut,1.0.0
PN532.class.nut,1.0.0
PN532MifareClassic.class.nut,1.0.0
QL720NW.device.lib.nut,1.0.0
RN2xxx.device.lib.nut,1.0.0
Si114x.class.nut,1.0.0
Si702x.class.nut,1.0.0
SoftwareSPI.device.lib.nut,0.1.0
SPIFlash.class.nut,1.0.1
SPIFlashFileSystem.class.nut,1.2.0
SPIFlashLogger.class.nut,2.2.0
STN1110.class.nut,1.0.0
Thermistor.class.nut,2.0.0
TMD2772.class.nut,1.0.0
TMP1x2.class.nut,1.0.3
USB.device.lib.nut,0.1.0
W5500.class.nut,dep,W5500.device.lib.nut
W5500.device.lib.nut,2.1.0
W5500.DHCP.device.lib.nut,2.0.0
WS2812.class.nut,3.0.0
xbee.class.nut,1.0.0
AlexaSmartHomeSkill.class.nut,1.0.0
AutodeskFusionConnect.class.nut,dep,AutodeskFusionConnect.agent.lib.nut
AutodeskFusionConnect.agent.lib.nut,3.0.0
AWSKinesisFirehose.class.nut,1.0.2
AWSKinesisStreams.agent.lib.nut,1.0.0
AWSLambda.agent.lib.nut,1.0.0
AWSRequestV4.class.nut,1.0.2
AWSSNS.agent.lib.nut,1.0.0
AWSSQS.agent.lib.nut,1.0.0
azureiothub.class.nut,dep,AzureIoTHub.agent.lib.nut
AzureIoTHub.agent.lib.nut,2.1.0
conctr.agent.class.nut,1.0.0
conctr.device.class.nut,1.0.0
DarkSky.class.nut,1.0.1
Dweetio.class.nut,1.0.1
Firebase.class.nut,dep,Firebase.agent.lib.nut
Firebase.agent.lib.nut,3.1.2
Forecastio.class.nut,dep,DarkSky.class.nut
GooglePubSub.agent.lib.nut,1.0.0
GoogleMaps.agent.lib.nut,1.0.0
IBMWatson.class.nut,1.1.0
IFTTT.class.nut,1.0.0
InitialState.class.nut,1.0.0
KeenIO.class.nut,1.0.0
loggly.class.nut,1.1.0
Mnubo.class.nut,1.0.0
mLab.class.nut,1.0.0
MongoDBStitch.agent.lib.nut,1.0.0
MongoLab.class.nut,dep,MongoDBStitch.agent.lib.nut
NewRelicInsights.class.nut,1.0.0
Parse.class.nut,dep,none
Phant.class.nut,1.0.0
Plotly.class.nut,1.0.1
Predix.agent.nut,1.0.0
Prowl.class.nut,1.0.1
PubNub.class.nut,1.1.0
Salesforce.class.nut,1.1.0
SecuriThingsAPI.class.nut,1.0.0
TheThingsAPI.class.nut,1.2.0
skyhook.agent.nut,2.0.1
skyhook.device.nut,2.0.1
ThingWorx.agent.lib.nut,1.0.0
Twilio.class.nut,1.0.0
Twitter.class.nut,dep,Twitter.agent.lib.nut
Twitter.agent.lib.nut,2.0.0
Ubidots.agent.lib.nut,1.0.0
WolframDataDrop.class.nut,1.0.0
Wunderground.class.nut,1.0.0
Xively.class.nut,1.0.1
AES.lib.nut,1.0.0
AgentStorage.class.nut,1.0.0
BuildAPIAgent.class.nut,dep,none
Bullwinkle.class.nut,2.3.2
ConnectionManager.class.nut,dep,ConnectionManager.lib.nut
ConnectionManager.lib.nut,3.0.0
CRC16.class.nut,1.0.0
FactoryTools.class.nut,2.1.0
JSONEncoder.class.nut,2.0.0
JSONParser.class.nut,1.0.0
mbstring.class.nut,1.0.0
MessageManager.class.nut,dep,MessageManager.lib.nut
MessageManager.lib.nut,2.1.0
PrettyPrinter.class.nut,1.0.1
Promise.class.nut,3.0.1
Rocky.class.nut,2.0.1
Serializer.class.nut,1.0.0
utilities.nut,1.0.0
